{"interactiveVideo":{"video":{"startScreenOptions":{"title":"Interactive Video","hideStartTitle":false,"copyright":""},"textTracks":[{"label":"Subtitles","kind":"subtitles","srcLang":"en"}],"files":[{"path":"https://www.youtube.com/watch?v=MnvmPflxJj4","mime":"video/YouTube","copyright":{"license":"U"}}]},"assets":{"interactions":[{"x":32.42677824267782,"y":16.728624535315987,"width":10,"height":10,"duration":{"from":9,"to":19},"libraryTitle":"Text","action":{"library":"H5P.Text 1.1","params":{"text":"<p>Learning to use H5P</p>\n"},"subContentId":"3936175f-4a20-4fbc-a9cc-1861d1568ee6"},"pause":false,"displayType":"button","buttonOnMobile":false,"visuals":{"backgroundColor":"rgb(255, 255, 255)","boxShadow":true},"goto":{"url":{"protocol":"http://"},"visualize":false,"type":""},"label":"<p>Learning to use H5P</p>\n"}],"bookmarks":[]},"summary":{"task":{"library":"H5P.Summary 1.8","params":{"intro":"Choose the correct statement.","summaries":[{"subContentId":"919d8195-7143-4fa5-8550-39653abce213","tip":""}],"overallFeedback":[{"from":0,"to":100}],"solvedLabel":"Progress:","scoreLabel":"Wrong answers:","resultLabel":"Your result","labelCorrect":"Correct.","labelIncorrect":"Incorrect! Please try again.","labelCorrectAnswers":"Correct answers.","tipButtonLabel":"Show tip","scoreBarLabel":"You got :num out of :total points","progressText":"Progress :num of :total"},"subContentId":"28804dd6-4db7-461f-807d-e4ca52cf9e70"},"displayAt":3}},"override":{"autoplay":false,"loop":false,"showBookmarksmenuOnLoad":false,"showRewind10":false,"preventSkipping":false,"deactivateSound":false},"l10n":{"interaction":"Interaction","play":"Play","pause":"Pause","mute":"Mute","unmute":"Unmute","quality":"Video Quality","captions":"Captions","close":"Close","fullscreen":"Fullscreen","exitFullscreen":"Exit Fullscreen","summary":"Summary","bookmarks":"Bookmarks","defaultAdaptivitySeekLabel":"Continue","continueWithVideo":"Continue with video","playbackRate":"Playback Rate","rewind10":"Rewind 10 Seconds","navDisabled":"Navigation is disabled","sndDisabled":"Sound is disabled","requiresCompletionWarning":"You need to answer all the questions correctly before continuing.","back":"Back","hours":"Hours","minutes":"Minutes","seconds":"Seconds","currentTime":"Current time:","totalTime":"Total time:","navigationHotkeyInstructions":"Use key k for starting and stopping video at any time","singleInteractionAnnouncement":"Interaction appeared:","multipleInteractionsAnnouncement":"Multiple interactions appeared.","videoPausedAnnouncement":"Video is paused","content":"Content"}}