{"title":"Interactive Video","language":"en","mainLibrary":"H5P.InteractiveVideo","embedTypes":["div"],"preloadedDependencies":[{"machineName":"H5P.Text","majorVersion":"1","minorVersion":"1"},{"machineName":"H5P.Summary","majorVersion":"1","minorVersion":"8"},{"machineName":"FontAwesome","majorVersion":"4","minorVersion":"5"},{"machineName":"H5P.JoubelUI","majorVersion":"1","minorVersion":"3"},{"machineName":"Drop","majorVersion":"1","minorVersion":"0"},{"machineName":"Tether","majorVersion":"1","minorVersion":"0"},{"machineName":"H5P.FontIcons","majorVersion":"1","minorVersion":"0"},{"machineName":"H5P.Transition","majorVersion":"1","minorVersion":"0"},{"machineName":"H5P.Question","majorVersion":"1","minorVersion":"3"},{"machineName":"H5P.InteractiveVideo","majorVersion":"1","minorVersion":"17"},{"machineName":"H5P.DragNBar","majorVersion":"1","minorVersion":"4"},{"machineName":"H5P.DragNDrop","majorVersion":"1","minorVersion":"1"},{"machineName":"H5P.DragNResize","majorVersion":"1","minorVersion":"2"},{"machineName":"H5P.Video","majorVersion":"1","minorVersion":"3"},{"machineName":"flowplayer","majorVersion":"1","minorVersion":"0"},{"machineName":"jQuery.ui","majorVersion":"1","minorVersion":"10"}]}